slug;name;district;okrug;address;lat;lon;class;price_median_m2;lot_min_m2;lots_median_m2;stage;deadline;floors;ceilings_m
olsufevskiy-10;Олсуфьевский 10;Хамовники;ЦАО;Олсуфьевский пер., 10;55.73381;37.57944;делюкс;;;;анонс;2026-2027;8;
sky-house;Sky House;Якиманка;ЦАО;ул. Мытная, вл. 40-44;55.722919;37.61552;премиум;;152.5;;сдан, есть остатки;сдан;30;3.20
aristarkhovskiy;Аристарховский;Таганский;ЦАО;Аристарховский пер., 6/5;55.74529;37.656262;элитный;;41;;анонс;IV кв. 2028;7;3.00
quartier-d-or;Quartier d'Or;Замоскворечье;ЦАО;ул. Большая Татарская, 21;55.74028;37.63286;делюкс;;;;сдан, есть остатки;I кв. 2026;10;3.35
gorodskaya-usadba-v-orlovo-davydovskom;Городская усадьба в Орлово-Давыдовском;Мещанский;ЦАО;Орлово-Давыдовский пер., 2;55.78306;37.63937;элитный;;;;сдан, есть остатки;сдан;2;
monblan;Монблан;Замоскворечье;ЦАО;Шлюзовая наб., 2/1;55.73094;37.64334;премиум;;47;;строится;I кв. 2028;29;3.30
magnum-khamovniki;Magnum;Хамовники;ЦАО;Усачёва ул., 9;55.728347;37.572279;элитный;;;;распродан;сдан;6;3.43
magnum-solo;Магнум Соло;Таганский;ЦАО;ул. Александра Солженицына, 23Б;55.744657;37.663877;элитный;;;;анонс;II кв. 2028;7;
zvezdy-arbata;Звезды Арбата;Арбат;ЦАО;ул. Новый Арбат, 32;55.753494;37.580956;премиум;;94;;сдан, есть остатки;сдан;13;3.00
kuznetskiy-most-12;Кузнецкий Мост 12;Тверской;ЦАО;ул. Кузнецкий Мост, 12;55.76133;37.62126;премиум;;;;строится;IV кв. 2026;7;3.10
luce;LUCE;Арбат;ЦАО;Крестовоздвиженский пер., 4;55.75162;37.60552;элитный;;96.6;;строится;II кв. 2027;8;
fon-dessin;Фон Дессин;Басманный;ЦАО;Потаповский пер., 5, стр. 4;55.76172;37.64045;элитный;;113.5;;сдан, есть остатки;сдан (06.2026);8;
lucky;Lucky;Пресненский;ЦАО;ул. Костикова, 4;55.761337;37.556048;премиум;;;;сдан, есть остатки;сдан;21;2.95
st-nickolas;St. Nickolas;Тверской;ЦАО;Никольская ул., 19–21;55.758449;37.625153;элитный;;;;сдан, есть остатки;сдан;5;
kollektsiya-luzhniki;Коллекция Лужники;Хамовники;ЦАО;Новолужнецкий проезд;55.71800;37.55900;премиум;;49.7;;строится;IV кв. 2027;13;3.25
kosmo-4-22;Космо 4/22;Замоскворечье;ЦАО;Космодамианская набережная, 4/22;55.74421;37.63966;элитный;;47;;сдан, есть остатки;сдан;9;3.23
rezidentsii-vorontsova;Резиденции Воронцова;Таганский;ЦАО;пер. Обуха, вл. 3;55.752823;37.652874;премиум;;;;старт продаж;II кв. 2028;19;3.17
nikitskiy-6;Никитский 6;Арбат;ЦАО;Никитский бул., 6/20;55.75387;37.60078;элитный;;90;;строится;IV кв. 2026;11;3.10
frunzenskiy;Фрунзенский;Хамовники;ЦАО;Фрунзенская наб., 30;55.72506;37.58254;элитный;;67.2;;строится;III кв. 2027;14;
aurus-rezidentsii;Аурус Резиденции;Пресненский;ЦАО;2-й Красногвардейский проезд;55.75266;37.53448;премиум;;31.7;;строится;IV кв. 2031;101;
annabel-s;Annabel's;Хамовники;ЦАО;Курсовой пер., 12/5, стр. 7;55.73992;37.60475;элитный;;;;анонс;;9;
duo;DUO;Якиманка;ЦАО;Софийская наб., 34, стр. 3;55.74742;37.62344;элитный;;49.6;;строится;I кв. 2028;10;
dom-soboleva;Дом Соболева;Басманный;ЦАО;ул. Машкова, 18;55.763981;37.652706;элитный;;81.3;;строится;II кв. 2028;10;3.50
cloud-nine;Cloud Nine;Якиманка;ЦАО;ул. Большая Полянка, 9;55.740412;37.617913;элитный;;;;сдан, есть остатки;сдан;6;3.50
ilinka-3-8;Ильинка 3/8;Тверской;ЦАО;ул. Ильинка, 3/8;55.75455;37.62389;делюкс;;47.6;;сдан, есть остатки;III кв. 2025;6;
bolshaya-nikitskaya-16;Большая Никитская 16;Пресненский;ЦАО;ул. Большая Никитская, 16;55.75721;37.60090;делюкс;;;;анонс;III кв. 2026;4;3.28
forum;Форум;Мещанский;ЦАО;Садовая-Сухаревская ул., вл. 14;55.77301;37.62740;премиум;;73.4;;сдан, есть остатки;сдан (04.2026);18;
sadovnicheskaya-69;Садовническая 69;Замоскворечье;ЦАО;Садовническая ул., 69;55.73717;37.64241;премиум;;;;строится;II кв. 2028;19;3.00
khilkov;Хилков;Хамовники;ЦАО;Хилков пер., 5;55.73835;37.59705;делюкс;;;;распродан;;;
eden;EDEN;Арбат;ЦАО;Нижний Кисловский пер., 7;55.75377;37.60386;делюкс;;;;анонс;III кв. 2029;12;3.60
vesper-kutuzovsky;Vesper Kutuzovsky;Дорогомилово;ЗАО;Кутузовский пр-т;55.74731;37.55353;премиум;;48.3;;строится;I кв. 2028;21;3.20
reka;Река;Раменки;ЗАО;район метро Мичуринский проспект;55.69627;37.50461;премиум;;52.1;;строится, есть сданные;2029;25;
foriver-residence;Foriver Residence;Даниловский;ЮАО;Симоновская наб., 1;55.71317;37.651237;премиум;;;;анонс;4 кв. 2026;6;3.32
king-end-sans;Кинг энд Санс;Раменки;ЗАО;Мосфильмовская ул., 31А;55.71261;37.51212;премиум;;57.1;;строится;I кв. 2027;17;3.23
26-parkvyu;26 Парквью;Тимирязевский;САО;ул. Тимирязевская;55.81926;37.56231;премиум;;40.6;;строится;2029;17;
vishnevyy-sad;Вишнёвый сад;Раменки;ЗАО;Мосфильмовская ул., 1;55.718115;37.526566;премиум;;;;сдан, есть остатки;сдан;12;3.20
badaevskiy;Бадаевский;Дорогомилово;ЗАО;Кутузовский проспект, 12;55.74889;37.55715;премиум;;;;строится, есть сданные;IV кв. 2026 – IV кв. 2027;21;3.05
renessans;Ренессанс;Сокольники;ВАО;Рубцовско-Дворцовая ул.;55.786036;37.691524;премиум;;51;;сдан, есть остатки;сдан (2 кв. 2021);20;3.30
novye-akademiki;Новые Академики;Котловка;ЮЗАО;ул. Кржижановского, 31;55.67347;37.57929;премиум;;;;строится;4 кв. 2027;43;3.05
wellton-spa-residence;Wellton Spa Residence;Хорошёво-Мнёвники;СЗАО;ул. Маршала Жукова;55.77700;37.46700;премиум;;38.7;;сдан, есть остатки;2023;9;
d-oro-mile;Д'оро Миле;Дорогомилово;ЗАО;1-й Можайский тупик;55.74410;37.55747;премиум;;158.3;;строится;IV кв. 2026;15;3.07
gorod-yakht;Город Яхт;Войковский;САО;Ленинградское ш., 37;55.832041;37.481678;премиум;;;;распродан;сдан;11;3.20
